Parent Folder,Folder Name
,КПР_СВЧ_НТО
КПР_СВЧ_НТО,Материалы_Общие_Методология
КПР_СВЧ_НТО,МИР_Обзор_СВЧ-электроники
КПР_СВЧ_НТО,РФ_Обзор_СВЧ-электроники
КПР_СВЧ_НТО,Материалы_ТТ_НИОКТР_Перспективные_Исследования
МИР_Обзор_СВЧ-электроники,Технологии_Основные_Мир
МИР_Обзор_СВЧ-электроники,Перспективные_Материалы_Мир
МИР_Обзор_СВЧ-электроники,Стандартизация_Нормативы_Общее_Мир
Технологии_Основные_Мир,GaAs_Мир
Технологии_Основные_Мир,SiGe_Мир
Технологии_Основные_Мир,GaN_Мир
GaAs_Мир,Обзоры_Рынок_Производители_Патенты
GaAs_Мир,Оборудование_Материалы_GaAs
GaAs_Мир,САПР_Проектирование_GaAs
GaAs_Мир,Монтаж_Корпусирование_Теплоотвод_GaAs
SiGe_Мир,Обзоры_Рынок_Производители_Патенты
SiGe_Мир,Оборудование_Материалы_SiGe
SiGe_Мир,САПР_Проектирование_SiGe
SiGe_Мир,Монтаж_Корпусирование_Теплоотвод_SiGe
GaN_Мир,Обзоры_Рынок_Производители_Патенты
GaN_Мир,Оборудование_Материалы_GaN
GaN_Мир,САПР_Проектирование_GaN
GaN_Мир,Монтаж_Корпусирование_Теплоотвод_GaN
Перспективные_Материалы_Мир,SiC_Мир
Перспективные_Материалы_Мир,Ga2O3_Мир
Перспективные_Материалы_Мир,InP_Мир
Перспективные_Материалы_Мир,AlN_Мир
Перспективные_Материалы_Мир,Алмаз_Мир
Перспективные_Материалы_Мир,Другие_Обзоры_Перспективных_Материалов_Мир
РФ_Обзор_СВЧ-электроники,Технологии_Основные_РФ
РФ_Обзор_СВЧ-электроники,Перспективные_Материалы_РФ
РФ_Обзор_СВЧ-электроники,МТО_СВЧ-электроники_РФ
РФ_Обзор_СВЧ-электроники,Стандартизация_Нормативы_Общее_РФ
Технологии_Основные_РФ,GaAs_РФ
Технологии_Основные_РФ,SiGe_РФ
Технологии_Основные_РФ,GaN_РФ
GaAs_РФ,Обзоры_Рынок_Предприятия_Патенты
GaAs_РФ,Оборудование_Материалы_GaAs_РФ
GaAs_РФ,САПР_Проектирование_GaAs_РФ
GaAs_РФ,Монтаж_Корпусирование_Теплоотвод_GaAs_РФ
SiGe_РФ,Обзоры_Рынок_Предприятия_Патенты
SiGe_РФ,Оборудование_Материалы_SiGe_РФ
SiGe_РФ,САПР_Проектирование_SiGe_РФ
SiGe_РФ,Монтаж_Корпусирование_Теплоотвод_SiGe_РФ
GaN_РФ,Обзоры_Рынок_Предприятия_Патенты
GaN_РФ,Оборудование_Материалы_GaN_РФ
GaN_РФ,САПР_Проектирование_GaN_РФ
GaN_РФ,Монтаж_Корпусирование_Теплоотвод_GaN_РФ
Перспективные_Материалы_РФ,SiC_РФ
Перспективные_Материалы_РФ,Ga2O3_РФ
Перспективные_Материалы_РФ,InP_РФ
Перспективные_Материалы_РФ,AlN_РФ
Перспективные_Материалы_РФ,Алмаз_РФ
Перспективные_Материалы_РФ,Другие_Обзоры_Перспективных_Материалов_РФ
МТО_СВЧ-электроники_РФ,Подложки_Эпитаксия_РФ
МТО_СВЧ-электроники_РФ,Сопутствующие_Материалы_РФ
МТО_СВЧ-электроники_РФ,Технологическое_Оборудование_РФ
МТО_СВЧ-электроники_РФ,Контрольно-Измерительное_Оборудование_РФ
МТО_СВЧ-электроники_РФ,Кадры_Компетенции_МТО_РФ
Материалы_ТТ_НИОКТР_Перспективные_Исследования,Обоснование_ТТ_для_НИОКТР
Материалы_ТТ_НИОКТР_Перспективные_Исследования,Обзоры_Перспективных_Направлений_НИР
Обоснование_ТТ_для_НИОКТР,Примеры_ТТ_Аналоги
Обоснование_ТТ_для_НИОКТР,Обоснование_Параметров_Технологий
Обоснование_ТТ_для_НИОКТР,Методики_Разработки_ТТ
Обзоры_Перспективных_Направлений_НИР,По_Технологиям_SiGe_GaAs_GaN
Обзоры_Перспективных_Направлений_НИР,По_Новым_Материалам
Обзоры_Перспективных_Направлений_НИР,По_Смежным_Областям